{"[fold_0] train loss": 24.090608596801758, "[fold_0] lr": 4.0014142672293576e-07, "_timestamp": 1699891786.985294, "_runtime": 125.72949814796448, "_step": 1, "_wandb": {"runtime": 139}}